"Date ","series ","OPEN ","HIGH ","LOW ","PREV. CLOSE ","ltp ","close ","vwap ","52W H ","52W L ","VOLUME ","VALUE ","No of trades "
"17-Nov-2023","EQ","892.95","893.30","870.90","905.35","887.00","888.40","883.18","998.30","438.35","55,42,250","4,89,48,20,843.55","1,76,622"
"16-Nov-2023","EQ","920.00","922.85","898.00","919.10","904.00","905.35","909.96","998.30","438.35","27,98,897","2,54,68,91,970.25","73,431"
"15-Nov-2023","EQ","915.00","924.95","903.90","894.65","914.80","919.10","913.82","998.30","438.35","38,02,638","3,47,49,39,055.50","1,06,542"
"13-Nov-2023","EQ","891.00","899.00","891.00","894.80","894.70","894.65","894.88","998.30","438.35","8,60,179","76,97,60,712.75","36,558"
"12-Nov-2023","EQ","902.00","905.00","888.70","894.15","889.80","894.80","896.93","998.30","438.35","3,23,914","29,05,28,326.30","10,408"
"10-Nov-2023","EQ","894.55","898.35","880.20","894.55","896.95","894.15","888.51","998.30","438.35","12,71,320","1,12,95,81,017.75","59,942"
"09-Nov-2023","EQ","900.95","904.45","890.40","896.15","890.55","894.55","897.29","998.30","438.35","9,96,019","89,37,15,481.10","46,268"
"08-Nov-2023","EQ","885.00","906.45","884.60","881.65","897.60","896.15","899.15","998.30","438.35","23,94,902","2,15,33,69,865.65","75,400"
"07-Nov-2023","EQ","885.00","893.95","876.65","880.65","880.80","881.65","884.66","998.30","438.35","25,70,771","2,27,42,58,754.25","78,790"
"06-Nov-2023","EQ","913.85","915.00","876.05","904.05","880.65","880.65","887.78","998.30","438.35","34,95,725","3,10,34,38,121.60","95,365"
"03-Nov-2023","EQ","926.00","928.80","896.65","921.25","906.25","904.05","909.80","998.30","438.35","28,56,328","2,59,86,82,115.35","92,722"
"02-Nov-2023","EQ","925.00","928.85","913.55","913.35","919.80","921.25","921.66","998.30","438.35","14,94,872","1,37,77,58,326.20","55,147"
"01-Nov-2023","EQ","920.00","927.95","908.00","920.75","913.50","913.35","918.57","998.30","438.35","16,18,045","1,48,62,82,557.40","67,268"
"31-Oct-2023","EQ","942.00","952.65","912.25","922.60","916.55","920.75","938.52","998.30","438.35","29,13,980","2,73,48,32,738.10","1,12,001"
"30-Oct-2023","EQ","904.90","939.05","896.00","896.35","934.20","922.60","911.09","998.30","438.35","25,95,660","2,36,48,89,214.55","83,172"
"27-Oct-2023","EQ","885.85","916.70","883.10","875.95","901.00","896.35","898.98","998.30","438.35","27,16,127","2,44,17,35,457.10","88,653"
"26-Oct-2023","EQ","911.20","911.40","870.00","916.50","875.40","875.95","884.66","998.30","438.35","32,76,337","2,89,84,31,556.20","1,35,494"
"25-Oct-2023","EQ","927.05","937.40","885.20","923.70","911.45","916.50","912.51","998.30","438.35","47,87,552","4,36,86,80,373.40","1,43,863"
"23-Oct-2023","EQ","987.00","992.00","881.20","987.65","920.00","923.70","937.55","998.30","438.35","74,06,062","6,94,35,69,648.00","2,10,824"
"20-Oct-2023","EQ","969.75","998.30","961.90","968.45","980.05","987.65","983.39","998.30","438.35","57,99,353","5,70,29,99,858.75","1,73,766"
"19-Oct-2023","EQ","952.00","976.75","935.70","947.95","967.00","968.45","966.33","983.55","438.35","37,35,586","3,60,97,90,906.25","1,12,756"
"18-Oct-2023","EQ","943.00","951.80","935.15","941.55","947.00","947.95","943.21","983.55","438.35","18,24,228","1,72,06,32,121.00","50,913"
"17-Oct-2023","EQ","941.00","946.30","928.00","937.85","940.70","941.55","938.75","983.55","438.35","20,07,371","1,88,44,24,565.60","61,765"
"16-Oct-2023","EQ","939.30","944.00","925.00","933.10","930.00","937.85","937.78","983.55","438.35","17,22,235","1,61,50,86,123.30","56,583"
"13-Oct-2023","EQ","949.95","967.95","929.00","957.55","932.50","933.10","946.62","983.55","438.35","24,83,633","2,35,10,59,654.10","74,379"
"12-Oct-2023","EQ","981.00","983.55","951.55","971.75","954.15","957.55","963.53","983.55","438.35","23,05,028","2,22,09,57,988.15","65,638"
"11-Oct-2023","EQ","950.00","978.00","946.00","949.70","972.50","971.75","963.76","978.00","438.35","45,18,522","4,35,47,79,177.20","1,24,390"
"10-Oct-2023","EQ","909.95","955.00","909.95","905.20","946.55","949.70","938.22","955.00","438.35","45,40,273","4,25,97,54,582.25","1,25,011"
"09-Oct-2023","EQ","917.50","928.30","891.00","928.30","902.05","905.20","911.83","938.65","438.35","24,68,269","2,25,06,30,677.00","76,926"
"06-Oct-2023","EQ","904.50","936.70","902.00","895.10","924.95","928.30","925.95","938.65","438.35","68,72,469","6,36,35,86,633.00","1,48,699"
"05-Oct-2023","EQ","867.00","902.00","863.90","863.10","900.00","895.10","882.39","938.65","438.35","27,05,895","2,38,76,67,479.65","58,721"
"04-Oct-2023","EQ","873.90","874.80","850.10","876.60","864.00","863.10","863.19","938.65","438.35","12,13,688","1,04,76,39,688.80","47,978"
"03-Oct-2023","EQ","856.00","880.25","855.00","857.70","875.00","876.60","872.81","938.65","438.35","18,16,743","1,58,56,71,335.10","61,711"
"29-Sep-2023","EQ","858.05","862.00","854.40","854.40","856.00","857.70","858.14","938.65","438.35","7,12,361","61,13,03,004.75","25,989"
"28-Sep-2023","EQ","853.20","858.00","847.20","853.20","853.00","854.40","852.56","938.65","438.35","6,73,933","57,45,68,701.10","30,554"
"27-Sep-2023","EQ","850.00","856.80","847.70","852.30","850.50","853.20","853.58","938.65","438.35","6,86,017","58,55,71,164.20","28,444"
"26-Sep-2023","EQ","845.00","856.80","842.40","848.45","850.90","852.30","851.26","938.65","438.35","8,69,703","74,03,46,389.50","31,728"
"25-Sep-2023","EQ","846.40","873.00","834.30","850.00","841.00","848.45","851.32","938.65","438.35","26,65,545","2,26,92,20,193.90","79,901"
"22-Sep-2023","EQ","845.00","854.60","835.10","841.05","848.25","850.00","845.77","938.65","438.35","10,80,524","91,38,70,325.40","43,350"
"21-Sep-2023","EQ","852.00","858.70","835.35","853.35","839.00","841.05","846.48","938.65","438.35","11,95,092","1,01,16,19,378.15","44,737"
"20-Sep-2023","EQ","861.65","863.80","850.10","873.20","852.60","853.35","855.09","938.65","438.35","14,73,808","1,26,02,34,559.15","60,538"
"18-Sep-2023","EQ","881.90","885.50","870.00","885.15","872.00","873.20","876.90","938.65","438.35","17,89,388","1,56,91,19,950.35","63,916"
"15-Sep-2023","EQ","858.00","896.20","858.00","856.55","883.50","885.15","881.80","938.65","438.35","1,03,00,254","9,08,27,18,227.00","1,30,698"
"14-Sep-2023","EQ","849.80","867.35","848.00","838.25","856.10","856.55","856.67","938.65","438.35","23,40,206","2,00,47,88,894.95","69,469"
"13-Sep-2023","EQ","868.55","877.95","825.00","864.55","839.10","838.25","840.24","938.65","438.35","40,53,655","3,40,60,38,985.75","1,27,043"
"12-Sep-2023","EQ","905.00","913.45","854.85","904.40","866.00","864.55","874.52","938.65","438.35","28,97,750","2,53,41,54,082.75","97,393"
"11-Sep-2023","EQ","920.00","921.00","896.00","905.40","901.00","904.40","904.13","938.65","438.35","21,98,944","1,98,81,39,890.05","73,886"
"08-Sep-2023","EQ","894.35","919.50","883.40","894.35","907.00","905.40","894.58","938.65","438.35","25,29,568","2,26,29,09,043.50","69,727"
"07-Sep-2023","EQ","901.00","902.35","883.00","898.80","892.25","894.35","891.87","938.65","438.35","22,03,577","1,96,53,04,291.40","63,374"
"06-Sep-2023","EQ","884.55","902.90","882.40","881.10","897.20","898.80","896.79","938.65","438.35","36,74,372","3,29,51,53,059.50","84,160"
"05-Sep-2023","EQ","867.00","889.00","863.30","856.70","886.00","881.10","873.40","938.65","438.35","27,22,237","2,37,76,02,294.40","69,104"
"04-Sep-2023","EQ","865.00","865.00","850.00","857.40","856.00","856.70","855.70","938.65","438.35","22,93,054","1,96,21,59,619.00","78,022"
"01-Sep-2023","EQ","855.40","874.75","850.60","853.90","857.90","857.40","859.03","938.65","438.35","28,57,480","2,45,46,53,002.80","83,348"
"31-Aug-2023","EQ","862.95","866.15","851.00","861.75","852.50","853.90","855.56","938.65","438.35","20,56,652","1,75,95,93,698.30","53,572"
"30-Aug-2023","EQ","860.00","868.00","853.00","852.90","861.30","861.75","859.23","938.65","438.35","48,54,891","4,17,14,83,147.10","1,10,824"
"29-Aug-2023","EQ","879.40","881.00","850.00","882.80","853.50","852.90","861.27","938.65","438.35","47,31,257","4,07,49,06,890.35","1,21,723"
"28-Aug-2023","EQ","903.15","905.30","866.40","899.20","880.00","882.80","882.57","938.65","438.35","41,82,743","3,69,15,57,105.75","1,04,152"
"25-Aug-2023","EQ","919.00","938.65","888.00","904.45","898.00","899.20","911.71","938.65","438.35","78,01,009","7,11,22,41,873.90","1,80,303"
"24-Aug-2023","EQ","926.00","931.95","898.20","904.75","907.00","904.45","915.87","931.95","438.35","69,49,762","6,36,50,90,778.05","1,60,437"
"23-Aug-2023","EQ","863.00","916.15","863.00","857.35","912.90","904.75","889.15","916.15","438.35","77,13,906","6,85,88,18,221.15","1,51,396"
"22-Aug-2023","EQ","844.55","861.95","842.75","837.95","858.00","857.35","856.21","914.95","438.35","18,90,624","1,61,87,69,877.15","44,123"
"21-Aug-2023","EQ","848.80","856.90","830.25","859.85","835.00","837.95","844.03","914.95","438.35","26,72,746","2,25,58,85,425.55","88,140"
"18-Aug-2023","EQ","865.65","874.60","853.20","865.95","857.50","859.85","864.61","914.95","438.35","22,40,424","1,93,70,94,908.95","55,151"
"17-Aug-2023","EQ","876.85","890.40","864.05","874.45","865.00","865.95","877.24","914.95","438.35","26,66,664","2,33,92,91,994.20","70,329"
"16-Aug-2023","EQ","857.70","881.00","855.80","863.80","879.00","874.45","867.35","914.95","438.35","19,21,859","1,66,69,22,628.75","54,663"
"14-Aug-2023","EQ","865.00","869.50","840.80","864.55","861.05","863.80","852.37","914.95","438.35","21,04,161","1,79,35,23,948.05","67,005"
"11-Aug-2023","EQ","858.10","873.00","853.00","858.10","864.00","864.55","865.36","914.95","438.35","36,86,481","3,19,01,47,652.70","1,18,993"
"10-Aug-2023","EQ","836.95","867.80","833.65","838.55","857.95","858.10","855.42","914.95","438.35","43,66,573","3,73,52,61,491.70","1,14,796"
"09-Aug-2023","EQ","828.80","845.90","825.05","830.65","838.00","838.55","833.42","914.95","438.35","19,80,457","1,65,05,59,823.50","52,732"
"08-Aug-2023","EQ","840.95","849.70","827.30","850.70","828.80","830.65","835.16","914.95","438.35","23,36,306","1,95,11,92,737.15","72,455"
"07-Aug-2023","EQ","865.00","887.70","835.25","796.60","851.00","850.70","855.38","914.95","438.35","1,25,17,134","10,70,69,20,839.90","2,16,185"
"04-Aug-2023","EQ","785.00","799.45","776.00","767.60","795.20","796.60","790.88","914.95","438.35","37,23,457","2,94,48,25,968.30","83,547"
"03-Aug-2023","EQ","777.30","781.55","764.15","776.10","767.50","767.60","771.78","914.95","438.35","12,56,708","96,98,99,226.50","39,040"
"02-Aug-2023","EQ","787.00","787.00","768.60","787.20","776.00","776.10","777.10","914.95","438.35","16,76,745","1,30,30,00,509.65","57,602"
"01-Aug-2023","EQ","802.80","815.90","783.20","800.40","786.75","787.20","799.09","914.95","438.35","34,29,510","2,74,04,79,003.15","79,311"
"31-Jul-2023","EQ","760.00","804.95","760.00","762.90","801.60","800.40","789.37","914.95","438.35","45,16,962","3,56,55,64,055.55","99,743"
"28-Jul-2023","EQ","779.50","779.50","755.65","779.55","763.00","762.90","765.18","914.95","438.35","30,81,901","2,35,82,13,339.20","84,073"
"27-Jul-2023","EQ","788.30","791.70","777.00","788.30","778.00","779.55","782.41","914.95","438.35","19,90,884","1,55,76,95,380.20","52,472"
"26-Jul-2023","EQ","794.75","798.00","776.00","789.60","786.50","788.30","785.41","914.95","438.35","32,14,039","2,52,43,33,897.50","88,742"
"25-Jul-2023","EQ","815.00","820.90","752.00","802.00","788.00","789.60","781.39","914.95","438.35","1,18,79,807","9,28,27,59,215.80","2,55,436"
"24-Jul-2023","EQ","840.00","857.55","796.00","844.30","808.00","802.00","825.68","914.95","438.35","83,95,335","6,93,18,49,223.45","2,42,775"
"21-Jul-2023","EQ","851.55","852.80","828.50","851.35","842.85","844.30","839.84","914.95","438.35","24,74,714","2,07,83,57,548.45","68,855"
"20-Jul-2023","EQ","843.00","855.00","830.50","842.30","850.05","851.35","844.01","914.95","438.35","19,24,170","1,62,40,11,884.85","68,416"
"19-Jul-2023","EQ","845.00","852.00","825.10","840.40","842.60","842.30","834.26","914.95","438.35","18,95,385","1,58,12,36,957.10","54,043"
"18-Jul-2023","EQ","864.00","864.50","837.55","862.60","843.90","840.40","846.96","914.95","438.35","15,07,433","1,27,67,35,551.80","60,475"
"17-Jul-2023","EQ","854.70","864.90","848.15","850.75","862.70","862.60","860.74","914.95","438.35","15,04,789","1,29,52,29,504.70","53,269"
"14-Jul-2023","EQ","842.00","854.00","838.65","836.95","852.00","850.75","847.73","914.95","438.35","15,04,323","1,27,52,62,063.55","40,589"
"13-Jul-2023","EQ","867.00","867.60","830.00","854.75","838.00","836.95","851.90","914.95","438.35","28,49,491","2,42,74,84,993.15","77,798"
"12-Jul-2023","EQ","812.20","866.40","809.00","806.75","853.00","854.75","846.06","914.95","438.35","75,60,742","6,39,68,61,033.40","1,46,789"
"11-Jul-2023","EQ","825.95","829.60","801.30","823.55","805.75","806.75","816.10","914.95","438.35","24,62,223","2,00,94,20,326.75","63,176"
"10-Jul-2023","EQ","851.00","855.00","818.10","850.70","820.70","823.55","829.67","914.95","438.35","25,21,396","2,09,19,32,787.85","58,642"
"07-Jul-2023","EQ","868.80","868.80","849.00","869.95","850.30","850.70","855.99","914.95","438.35","14,75,430","1,26,29,48,725.10","36,033"
"06-Jul-2023","EQ","855.00","873.00","855.00","853.45","869.40","869.95","866.00","914.95","438.35","20,09,403","1,74,01,34,205.35","43,772"
"05-Jul-2023","EQ","851.00","862.00","845.95","836.75","854.35","853.45","853.98","914.95","438.35","35,11,139","2,99,84,58,208.05","68,609"
"04-Jul-2023","EQ","853.20","858.00","833.15","848.85","835.90","836.75","846.29","914.95","438.35","16,94,104","1,43,37,06,244.90","43,181"
"03-Jul-2023","EQ","871.80","875.95","845.00","867.85","848.80","848.85","853.08","914.95","438.35","26,63,766","2,27,24,06,158.40","73,886"
"30-Jun-2023","EQ","852.00","870.95","851.80","849.60","865.10","867.85","860.74","914.95","438.35","19,66,249","1,69,24,38,767.20","49,396"
"28-Jun-2023","EQ","856.20","862.50","843.35","852.50","850.10","849.60","851.53","914.95","438.35","20,54,107","1,74,91,41,559.30","45,219"
"27-Jun-2023","EQ","839.50","857.90","838.55","838.10","851.50","852.50","851.52","914.95","438.35","22,32,821","1,90,12,92,072.45","52,648"
"26-Jun-2023","EQ","841.70","858.00","833.30","841.70","836.80","838.10","844.24","914.95","438.35","20,80,700","1,75,66,12,783.95","56,993"
"23-Jun-2023","EQ","870.30","871.45","834.45","865.95","842.50","841.70","850.25","914.95","438.35","25,65,549","2,18,13,68,579.15","58,258"
"22-Jun-2023","EQ","874.00","885.25","861.00","872.95","865.95","865.95","874.58","914.95","438.35","26,16,962","2,28,87,45,892.15","50,571"
"21-Jun-2023","EQ","895.75","901.00","866.05","895.75","868.70","872.95","885.12","914.95","438.35","32,86,071","2,90,85,51,686.85","80,041"
"20-Jun-2023","EQ","874.95","899.00","865.00","871.25","894.00","895.75","884.07","914.95","438.35","49,00,491","4,33,23,67,588.10","1,05,466"
"19-Jun-2023","EQ","894.00","914.95","861.30","895.15","871.40","871.25","889.40","914.95","438.35","60,92,694","5,41,88,67,325.00","1,20,617"
"16-Jun-2023","EQ","893.00","909.90","873.80","892.90","892.40","895.15","888.88","909.90","438.35","1,02,30,106","9,09,33,03,058.15","1,95,985"
"15-Jun-2023","EQ","854.85","898.50","848.20","856.85","893.00","892.90","877.84","898.50","438.35","1,51,50,540","13,29,97,97,787.85","2,83,999"
"14-Jun-2023","EQ","836.00","864.40","833.75","833.25","850.00","856.85","846.30","864.40","438.35","82,28,033","6,96,33,90,903.10","1,66,285"
"13-Jun-2023","EQ","814.00","839.65","808.10","812.15","833.15","833.25","825.40","844.70","438.35","73,62,528","6,07,70,53,601.45","1,54,236"
"12-Jun-2023","EQ","818.30","818.60","793.80","814.30","810.85","812.15","805.59","844.70","438.35","59,20,162","4,76,92,23,748.00","1,21,750"
"09-Jun-2023","EQ","778.00","822.00","775.55","772.00","813.75","814.30","803.54","844.70","438.35","1,60,69,470","12,91,24,68,006.00","2,60,804"
"08-Jun-2023","EQ","737.00","785.95","737.00","727.00","771.00","772.00","771.66","844.70","438.35","1,95,73,305","15,10,39,55,818.35","2,59,811"
"07-Jun-2023","EQ","712.00","730.00","711.05","709.55","725.00","727.00","724.78","844.70","438.35","49,05,409","3,55,53,22,058.20","84,636"
"06-Jun-2023","EQ","714.00","718.40","707.00","714.45","709.55","709.55","712.26","844.70","438.35","10,57,193","75,29,93,722.10","23,172"
"05-Jun-2023","EQ","724.95","725.00","709.55","717.00","713.90","714.45","714.92","844.70","438.35","38,86,959","2,77,88,81,476.60","57,222"
"02-Jun-2023","EQ","705.00","721.75","703.55","701.95","715.35","717.00","713.64","844.70","438.35","49,06,504","3,50,14,81,697.70","61,425"
"01-Jun-2023","EQ","697.35","706.00","694.70","697.35","701.00","701.95","702.79","844.70","438.35","16,01,582","1,12,55,71,381.00","56,121"
"31-May-2023","EQ","701.00","701.15","692.85","701.30","696.90","697.35","696.60","844.70","438.35","13,03,929","90,83,22,374.55","32,697"
"30-May-2023","EQ","706.75","707.00","696.55","704.35","701.80","701.30","702.18","844.70","438.35","10,60,529","74,46,79,477.60","28,604"
"29-May-2023","EQ","709.40","712.50","701.45","706.15","705.00","704.35","706.71","844.70","438.35","13,54,777","95,74,41,056.85","30,726"
"26-May-2023","EQ","716.30","720.10","704.05","713.55","705.40","706.15","712.22","844.70","438.35","16,82,036","1,19,79,84,414.30","39,599"
"25-May-2023","EQ","716.90","728.25","711.00","716.00","713.70","713.55","720.49","844.70","438.35","24,70,359","1,77,98,57,692.85","69,922"
"24-May-2023","EQ","718.00","719.50","709.95","720.00","715.00","716.00","715.46","844.70","438.35","13,81,950","98,87,25,986.60","25,235"
"23-May-2023","EQ","709.00","723.00","705.10","706.65","718.50","720.00","714.10","844.70","438.35","24,68,027","1,76,24,26,545.70","63,990"
"22-May-2023","EQ","720.50","724.50","704.50","710.15","704.70","706.65","712.32","844.70","438.35","23,56,475","1,67,85,61,394.75","52,171"
"19-May-2023","EQ","710.70","714.70","701.00","708.55","709.70","710.15","707.66","844.70","438.35","15,62,466","1,10,56,99,987.30","38,305"
"18-May-2023","EQ","727.15","727.65","705.00","721.85","705.40","708.55","715.53","844.70","438.35","17,68,086","1,26,51,25,990.70","36,913"
"17-May-2023","EQ","726.30","728.95","717.40","722.80","722.30","721.85","722.50","844.70","438.35","20,14,137","1,45,52,15,841.40","57,749"
"16-May-2023","EQ","713.80","726.50","711.15","713.15","723.00","722.80","721.95","844.70","438.35","31,68,234","2,28,72,93,071.80","67,585"
"15-May-2023","EQ","689.00","717.00","688.15","687.85","710.40","713.15","708.86","844.70","438.35","45,68,802","3,23,86,55,142.45","1,02,225"
"12-May-2023","EQ","699.00","706.35","683.10","699.15","689.60","687.85","692.86","844.70","438.35","40,28,220","2,79,09,81,182.50","78,930"
"11-May-2023","EQ","732.00","732.00","694.25","728.00","695.30","699.15","708.17","844.70","438.35","64,93,259","4,59,83,29,586.25","1,25,140"
"10-May-2023","EQ","710.20","732.00","700.00","707.45","726.80","728.00","723.31","844.70","438.35","90,69,101","6,55,98,07,100.40","1,74,032"
"09-May-2023","EQ","726.00","742.00","701.50","723.25","706.35","707.45","724.02","844.70","438.35","1,00,98,236","7,31,13,28,109.60","1,59,491"
"08-May-2023","EQ","695.00","729.00","695.00","689.60","724.00","723.25","719.02","844.70","438.35","1,59,90,113","11,49,71,87,566.65","2,51,723"
"05-May-2023","EQ","672.00","697.60","670.10","670.85","691.40","689.60","687.44","844.70","438.35","62,85,532","4,32,09,25,631.05","1,13,190"
"04-May-2023","EQ","666.50","673.00","662.55","662.15","670.00","670.85","667.98","844.70","438.35","21,45,186","1,43,29,35,302.65","38,249"
"03-May-2023","EQ","661.50","673.00","655.00","660.75","661.50","662.15","664.35","844.70","438.35","22,70,112","1,50,81,46,439.30","67,029"
"02-May-2023","EQ","663.00","676.15","657.40","653.60","660.00","660.75","665.02","844.70","438.35","20,80,891","1,38,38,37,010.35","53,089"
"28-Apr-2023","EQ","649.15","655.80","641.15","643.65","650.55","653.60","649.61","844.70","438.35","27,32,585","1,77,51,13,976.10","40,916"
"27-Apr-2023","EQ","650.00","650.70","641.00","648.00","645.65","643.65","644.81","844.70","438.35","7,44,624","48,01,40,519.45","18,532"
"26-Apr-2023","EQ","650.00","653.30","644.00","647.95","647.30","648.00","647.79","844.70","438.35","10,61,990","68,79,49,268.65","25,693"
"25-Apr-2023","EQ","663.00","674.25","642.00","663.75","647.00","647.95","659.60","844.70","438.35","34,36,418","2,26,66,60,835.65","69,435"
"24-Apr-2023","EQ","658.00","668.00","658.00","655.05","662.95","663.75","664.24","844.70","438.35","26,13,486","1,73,59,85,762.55","43,637"
"21-Apr-2023","EQ","656.85","661.05","646.85","656.85","653.50","655.05","653.31","844.70","438.35","19,89,168","1,29,95,37,826.45","33,671"
"20-Apr-2023","EQ","651.90","669.00","650.05","644.25","656.80","656.85","661.15","844.70","438.35","58,32,297","3,85,60,11,104.40","1,10,316"
"19-Apr-2023","EQ","645.00","652.00","640.50","645.00","646.50","644.25","647.39","844.70","438.35","11,13,614","72,09,46,928.15","24,200"
"18-Apr-2023","EQ","645.50","653.70","641.30","645.25","643.40","645.00","648.44","844.70","438.35","9,31,189","60,38,23,982.55","19,664"
"17-Apr-2023","EQ","650.90","650.90","637.00","650.90","645.10","645.25","644.49","844.70","438.35","14,43,570","93,03,59,492.20","30,834"
"13-Apr-2023","EQ","649.40","654.00","642.30","648.00","652.55","650.90","648.44","844.70","438.35","16,63,301","1,07,85,51,280.05","29,120"
"12-Apr-2023","EQ","659.00","661.60","644.45","657.70","649.00","648.00","652.10","844.70","438.35","16,74,467","1,09,19,16,139.20","28,899"
"11-Apr-2023","EQ","660.00","667.00","653.10","656.50","656.30","657.70","661.33","844.70","438.35","22,96,973","1,51,90,55,595.55","45,646"
"10-Apr-2023","EQ","648.00","663.70","645.85","645.80","659.00","656.50","656.74","844.70","438.35","45,74,660","3,00,43,59,974.90","84,363"
"06-Apr-2023","EQ","641.90","656.00","636.80","641.10","646.95","645.80","646.28","844.70","438.35","40,64,562","2,62,68,29,877.65","64,635"
"05-Apr-2023","EQ","640.00","648.00","638.20","639.00","641.90","641.10","644.52","844.70","438.35","25,16,676","1,62,20,56,888.00","61,813"
"03-Apr-2023","EQ","641.00","642.80","631.00","636.80","638.50","639.00","637.71","844.70","438.35","29,81,378","1,90,12,56,532.40","63,461"
"31-Mar-2023","EQ","629.50","655.90","624.35","629.35","634.10","636.80","644.32","844.70","438.35","89,86,663","5,79,02,55,183.35","1,40,552"
"29-Mar-2023","EQ","620.45","636.00","611.20","617.35","629.50","629.35","621.97","844.70","438.35","46,65,727","2,90,19,63,181.30","82,227"
"28-Mar-2023","EQ","639.00","639.00","609.00","621.40","615.00","617.35","625.90","844.70","438.35","65,14,543","4,07,74,45,054.80","1,09,864"
"27-Mar-2023","EQ","623.45","638.00","618.10","619.45","623.00","621.40","627.98","844.70","438.35","49,70,293","3,12,12,24,582.15","93,229"
"24-Mar-2023","EQ","620.75","628.50","616.05","623.05","618.00","619.45","622.29","844.70","438.35","42,34,985","2,63,53,70,195.65","74,745"
"23-Mar-2023","EQ","625.25","638.80","617.60","624.05","620.75","623.05","628.95","844.70","438.35","1,03,04,564","6,48,11,03,983.85","1,56,137"
"22-Mar-2023","EQ","586.85","629.40","584.90","583.90","625.50","624.05","614.77","844.70","438.35","1,29,78,431","7,97,87,86,057.40","1,97,190"
"21-Mar-2023","EQ","564.80","586.25","564.80","559.20","582.80","583.90","578.39","844.70","438.35","43,97,948","2,54,37,24,927.00","77,644"
"20-Mar-2023","EQ","575.00","576.85","556.05","578.35","559.20","559.20","563.80","844.70","438.35","22,56,904","1,27,24,44,857.80","43,341"
"17-Mar-2023","EQ","578.10","585.55","570.65","571.65","578.00","578.35","577.33","844.70","438.35","41,30,620","2,38,47,39,254.75","46,109"
"16-Mar-2023","EQ","575.00","578.00","563.05","572.85","571.55","571.65","570.28","844.70","438.35","28,55,637","1,62,85,24,843.50","63,006"
"15-Mar-2023","EQ","588.10","594.00","569.70","579.50","573.00","572.85","581.28","844.70","438.35","22,49,901","1,30,78,21,857.60","56,549"
"14-Mar-2023","EQ","584.50","597.50","575.80","580.75","578.00","579.50","585.69","844.70","438.35","40,49,607","2,37,18,22,264.40","79,367"
"13-Mar-2023","EQ","593.00","612.80","577.20","593.05","580.65","580.75","595.38","844.70","438.35","60,40,808","3,59,65,73,210.20","1,39,863"
"10-Mar-2023","EQ","605.40","605.40","589.10","606.05","594.50","593.05","593.31","844.70","438.35","21,19,734","1,25,76,62,060.90","79,115"
"09-Mar-2023","EQ","624.45","625.55","602.15","620.10","606.95","606.05","615.39","844.70","438.35","18,11,358","1,11,46,93,505.25","41,098"
"08-Mar-2023","EQ","624.45","625.00","613.05","625.65","619.70","620.10","619.65","844.70","438.35","16,38,938","1,01,55,68,385.65","40,406"
"06-Mar-2023","EQ","630.70","635.50","623.00","627.90","625.00","625.65","627.77","844.70","438.35","30,97,926","1,94,47,71,863.30","82,970"
"03-Mar-2023","EQ","606.45","634.00","605.40","604.40","626.20","627.90","624.41","844.70","438.35","48,81,471","3,04,80,38,749.15","93,282"
"02-Mar-2023","EQ","611.00","613.70","601.10","608.25","602.70","604.40","606.17","844.70","438.35","18,44,739","1,11,82,21,294.80","44,901"
"01-Mar-2023","EQ","600.25","615.60","600.00","597.25","610.15","608.25","609.10","844.70","438.35","39,28,587","2,39,28,88,213.60","89,951"
"28-Feb-2023","EQ","632.90","632.95","578.70","635.10","600.20","597.25","597.49","844.70","438.35","1,03,75,035","6,19,90,14,371.15","2,07,581"
"27-Feb-2023","EQ","637.80","656.30","626.85","623.50","633.50","635.10","638.99","844.70","438.35","1,07,06,527","6,84,13,65,849.95","1,89,930"
"24-Feb-2023","EQ","610.00","638.35","605.20","606.55","622.00","623.50","622.41","844.70","438.35","72,05,948","4,48,50,50,014.50","1,45,656"
"23-Feb-2023","EQ","610.00","622.00","601.30","608.35","608.35","606.55","610.51","844.70","438.35","26,70,860","1,63,05,92,181.60","64,247"
"22-Feb-2023","EQ","621.85","628.00","605.00","623.05","606.85","608.35","615.76","844.70","438.35","24,14,579","1,48,67,91,988.30","63,026"
"21-Feb-2023","EQ","632.00","636.70","616.55","630.50","623.35","623.05","626.95","844.70","438.35","23,26,949","1,45,88,71,676.90","41,836"
"20-Feb-2023","EQ","624.75","633.60","621.10","626.85","630.00","630.50","629.25","844.70","438.35","21,84,210","1,37,44,13,425.25","66,437"
"17-Feb-2023","EQ","629.00","639.90","620.65","628.90","621.95","626.85","630.55","895.95","438.35","23,76,643","1,49,85,93,441.90","52,804"
"16-Feb-2023","EQ","640.00","650.00","623.50","640.05","629.95","628.90","638.31","895.95","438.35","38,28,506","2,44,37,57,232.80","1,07,196"
"15-Feb-2023","EQ","638.00","650.00","633.35","642.70","640.00","640.05","640.55","895.95","438.35","23,00,566","1,47,36,22,029.80","61,325"
"14-Feb-2023","EQ","653.90","654.70","636.65","654.00","641.30","642.70","643.31","895.95","438.35","41,15,771","2,64,77,24,144.20","1,09,911"
"13-Feb-2023","EQ","652.00","678.70","647.70","650.55","650.95","654.00","664.95","895.95","438.35","99,23,535","6,59,86,78,835.30","2,05,256"
"10-Feb-2023","EQ","705.00","705.00","640.00","705.95","650.75","650.55","653.60","984.50","438.35","4,73,87,857","30,97,25,83,503.65","3,52,932"
"09-Feb-2023","EQ","685.00","738.70","666.50","675.95","710.50","705.95","706.74","984.50","438.35","4,55,07,244","32,16,19,96,595.50","7,34,355"
"08-Feb-2023","EQ","618.00","698.00","614.00","588.60","680.00","675.95","652.26","984.50","438.35","3,64,04,222","23,74,51,60,656.30","5,88,441"
"07-Feb-2023","EQ","558.90","669.95","556.35","558.30","589.30","588.60","604.60","984.50","438.35","2,12,57,464","12,85,21,61,189.30","4,45,908"
"06-Feb-2023","EQ","556.00","565.95","543.05","524.95","557.00","558.30","556.16","984.50","438.35","91,44,444","5,08,57,56,512.15","2,14,349"
"03-Feb-2023","EQ","548.40","548.40","522.50","545.65","529.90","524.95","532.09","994.00","438.35","37,48,704","1,99,46,49,456.60","80,006"
"02-Feb-2023","EQ","530.00","548.00","525.00","523.85","545.80","545.65","539.80","994.00","438.35","42,22,114","2,27,90,77,108.85","98,576"
"01-Feb-2023","EQ","535.00","543.70","515.25","530.90","523.00","523.85","531.36","994.00","438.35","23,59,385","1,25,36,80,313.50","70,174"
"31-Jan-2023","EQ","536.75","537.95","527.55","534.10","529.90","530.90","531.03","994.00","438.35","12,20,594","64,81,71,580.40","45,600"
"30-Jan-2023","EQ","516.00","537.00","511.80","513.40","533.00","534.10","526.62","994.00","438.35","22,11,058","1,16,43,92,403.65","80,653"
"27-Jan-2023","EQ","535.65","540.85","508.10","532.95","513.50","513.40","521.68","994.00","438.35","25,03,278","1,30,59,13,859.80","75,297"
"25-Jan-2023","EQ","544.00","546.85","528.50","543.55","533.50","532.95","535.43","994.00","438.35","25,49,852","1,36,52,74,422.40","67,554"
"24-Jan-2023","EQ","548.00","556.20","540.00","544.05","542.20","543.55","547.36","994.00","438.35","30,41,229","1,66,46,55,593.00","86,213"
"23-Jan-2023","EQ","550.85","567.65","537.30","550.85","545.00","544.05","552.08","994.00","438.35","44,83,048","2,47,50,18,831.25","1,15,930"
"20-Jan-2023","EQ","534.65","555.00","532.35","531.95","548.80","550.85","548.71","1,145.90","438.35","58,02,036","3,18,36,23,524.80","1,30,666"
"19-Jan-2023","EQ","531.80","535.10","530.05","531.70","533.00","531.95","532.86","1,145.90","438.35","14,05,912","74,91,58,047.30","42,239"
"18-Jan-2023","EQ","529.00","535.90","528.95","526.10","532.00","531.70","533.21","1,145.90","438.35","26,01,169","1,38,69,65,790.90","64,810"
"17-Jan-2023","EQ","556.00","556.70","522.65","553.55","523.70","526.10","535.01","1,145.90","438.35","53,66,596","2,87,12,07,023.00","1,32,106"
"16-Jan-2023","EQ","561.00","565.80","549.90","560.10","553.00","553.55","559.42","1,145.90","438.35","25,54,765","1,42,91,91,523.85","61,791"
"13-Jan-2023","EQ","543.50","564.90","533.35","543.20","560.50","560.10","549.68","1,230.00","438.35","94,74,010","5,20,76,65,552.80","1,74,808"
"12-Jan-2023","EQ","574.95","578.65","528.10","579.15","543.50","543.20","540.64","1,230.00","438.35","3,54,91,005","19,18,79,54,952.00","1,67,556"
"11-Jan-2023","EQ","575.55","583.75","571.60","575.55","577.30","579.15","579.31","1,230.00","438.35","34,48,969","1,99,80,07,597.70","85,383"
"10-Jan-2023","EQ","564.00","581.70","553.65","563.90","574.55","575.55","566.05","1,230.00","438.35","42,68,046","2,41,59,40,629.00","1,08,083"
"09-Jan-2023","EQ","566.20","574.50","562.00","551.35","564.00","563.90","566.60","1,230.00","438.35","51,76,059","2,93,27,41,800.85","91,677"
"06-Jan-2023","EQ","540.00","563.65","540.00","541.50","555.00","551.35","555.37","1,350.00","438.35","69,79,771","3,87,63,56,010.00","1,29,118"
"05-Jan-2023","EQ","543.50","544.20","533.85","540.30","536.40","541.50","539.61","1,350.00","438.35","15,26,010","82,34,55,200.75","35,885"
"04-Jan-2023","EQ","535.05","544.95","531.55","535.45","539.80","540.30","541.05","1,350.00","438.35","31,54,582","1,70,67,90,692.05","52,129"
"03-Jan-2023","EQ","532.50","536.35","532.00","532.10","535.20","535.45","534.72","1,350.00","438.35","12,13,174","64,87,13,167.50","45,417"
"02-Jan-2023","EQ","531.00","536.85","527.05","531.00","532.35","532.10","531.06","1,350.00","438.35","12,63,767","67,11,30,277.10","35,379"
"30-Dec-2022","EQ","529.75","541.00","528.00","527.20","530.70","531.00","533.91","1,379.15","438.35","17,58,215","93,87,31,303.65","44,952"
"29-Dec-2022","EQ","530.00","534.00","523.35","535.55","526.70","527.20","527.45","1,379.15","438.35","19,97,736","1,05,37,03,533.15","56,415"
"28-Dec-2022","EQ","513.00","541.70","511.10","512.85","535.00","535.55","533.59","1,379.15","438.35","68,67,457","3,66,43,72,260.35","1,31,298"
"27-Dec-2022","EQ","509.00","517.80","509.00","504.35","513.00","512.85","513.19","1,379.15","438.35","18,37,698","94,30,89,403.15","50,385"
"26-Dec-2022","EQ","479.00","510.00","479.00","476.10","507.00","504.35","498.72","1,379.15","438.35","33,65,041","1,67,82,16,966.80","81,617"
"23-Dec-2022","EQ","501.95","504.00","472.00","506.55","474.85","476.10","486.02","1,385.00","438.35","33,28,475","1,61,76,95,792.25","77,665"
"22-Dec-2022","EQ","521.00","522.40","505.00","517.10","506.05","506.55","510.24","1,385.00","438.35","18,25,136","93,12,64,079.00","35,199"
"21-Dec-2022","EQ","529.40","532.80","515.50","526.75","516.00","517.10","523.03","1,385.00","438.35","17,98,202","94,05,07,698.60","29,639"
"20-Dec-2022","EQ","523.50","529.40","523.00","523.50","526.00","526.75","526.49","1,385.00","438.35","17,79,152","93,67,10,079.80","35,345"
"19-Dec-2022","EQ","528.90","532.35","522.50","528.00","523.00","523.50","525.53","1,385.00","438.35","16,18,011","85,03,17,077.00","29,709"
"16-Dec-2022","EQ","531.70","534.05","524.50","531.70","528.50","528.00","528.34","1,578.75","438.35","20,96,590","1,10,77,21,430.80","38,902"
"15-Dec-2022","EQ","531.85","536.90","530.00","529.20","530.55","531.70","533.51","1,578.75","438.35","31,70,404","1,69,14,53,491.40","57,680"
"14-Dec-2022","EQ","544.00","547.00","525.05","539.40","529.80","529.20","533.62","1,578.75","438.35","74,99,632","4,00,19,23,511.05","1,15,618"
"13-Dec-2022","EQ","535.00","545.00","533.25","528.75","538.40","539.40","538.94","1,578.75","438.35","56,99,433","3,07,16,42,003.75","81,620"
"12-Dec-2022","EQ","544.60","554.45","525.05","544.60","529.60","528.75","539.40","1,578.75","438.35","77,50,318","4,18,05,09,975.20","1,15,607"
"09-Dec-2022","EQ","544.00","548.00","527.55","508.20","544.75","544.60","538.91","1,680.05","438.35","2,04,23,508","11,00,63,59,419.10","2,53,598"
"08-Dec-2022","EQ","512.45","515.95","506.00","509.90","508.25","508.20","509.57","1,680.05","438.35","30,79,727","1,56,93,39,912.85","49,449"
"07-Dec-2022","EQ","516.75","523.40","506.10","514.65","509.00","509.90","512.83","1,680.05","438.35","50,01,636","2,56,49,73,724.00","78,206"
"06-Dec-2022","EQ","523.00","528.00","511.75","523.35","515.75","514.65","518.80","1,680.05","438.35","53,21,487","2,76,07,80,867.35","78,687"
"05-Dec-2022","EQ","543.75","548.70","521.20","536.95","523.00","523.35","533.29","1,680.05","438.35","1,22,61,228","6,53,87,62,707.30","1,74,792"
"02-Dec-2022","EQ","507.50","543.65","507.50","501.05","539.75","536.95","525.55","1,810.00","438.35","2,17,31,464","11,42,09,41,928.05","2,73,483"
"01-Dec-2022","EQ","486.50","504.70","485.25","481.70","500.50","501.05","497.35","1,810.00","438.35","1,29,60,605","6,44,59,59,691.55","1,80,057"
"30-Nov-2022","EQ","485.00","488.50","477.20","483.90","481.35","481.70","483.01","1,810.00","438.35","70,92,034","3,42,55,24,593.80","94,701"
"29-Nov-2022","EQ","476.00","486.90","471.15","461.50","482.80","483.90","479.43","1,810.00","438.35","1,46,99,496","7,04,74,04,394.00","1,74,358"
"28-Nov-2022","EQ","444.00","479.50","441.00","465.20","465.00","461.50","465.48","1,810.00","438.35","1,95,92,854","9,11,99,85,445.60","2,63,901"
"25-Nov-2022","EQ","454.00","475.30","448.00","441.10","467.00","465.20","463.39","1,873.70","438.35","1,99,70,739","9,25,42,94,639.30","2,78,212"
"24-Nov-2022","EQ","457.05","467.00","440.00","452.40","441.15","441.10","452.31","1,873.70","438.35","1,63,15,961","7,37,98,16,441.40","2,38,571"
"23-Nov-2022","EQ","480.90","488.70","438.35","476.80","450.00","452.40","465.69","1,873.70","438.35","1,72,32,998","8,02,52,45,062.40","2,89,311"
"22-Nov-2022","EQ","535.00","537.00","474.30","537.00","475.55","476.80","491.19","1,873.70","474.30","2,24,14,284","11,00,95,96,755.25","4,25,266"
"21-Nov-2022","EQ","546.00","553.00","531.75","547.00","532.35","537.00","543.22","1,873.70","510.05","29,86,439","1,62,22,79,329.25","55,098"
"18-Nov-2022","EQ","542.50","553.10","526.90","539.80","546.40","547.00","542.96","1,955.00","510.05","1,12,95,660","6,13,30,84,165.85","1,63,174"